{
  "categories": [
    { "id": "smartphones", "name": "Smartphones", "icon": "smartphone" },
    { "id": "tablets", "name": "Tablets", "icon": "tablet" },
    { "id": "consoles", "name": "Konsolen", "icon": "gamepad" },
    { "id": "controllers", "name": "Controller", "icon": "gamepad-2" }
  ],
  "brands": {
    "smartphones": ["Apple", "Samsung", "Google", "OnePlus", "Xiaomi", "Huawei"],
    "tablets": ["Apple", "Samsung", "Microsoft"],
    "consoles": ["Sony", "Microsoft", "Nintendo"],
    "controllers": ["Sony", "Microsoft", "Nintendo"]
  },
  "devices": [
    {
      "id": "iphone-16-pro-max",
      "category": "smartphones",
      "brand": "Apple",
      "model": "iPhone 16 Pro Max",
      "year": 2024,
      "image": "iphone-16-pro-max.svg",
      "aspect": "phone",
      "priceFactor": 1.25,
      "hotspots": [
        { "id": "screen", "label": "Display", "type": "rect", "x": 0.05, "y": 0.02, "w": 0.9, "h": 0.96, "defaultServices": ["screen-repair", "diagnostics"] },
        { "id": "battery", "label": "Akku", "type": "rect", "x": 0.15, "y": 0.35, "w": 0.7, "h": 0.3, "defaultServices": ["battery-replacement", "diagnostics"] },
        { "id": "camera", "label": "Kamera", "type": "rect", "x": 0.05, "y": 0.02, "w": 0.4, "h": 0.2, "defaultServices": ["camera-repair", "diagnostics"] },
        { "id": "port", "label": "Ladeanschluss", "type": "rect", "x": 0.35, "y": 0.95, "w": 0.3, "h": 0.05, "defaultServices": ["port-repair", "cleaning", "diagnostics"] },
        { "id": "speaker", "label": "Lautsprecher", "type": "rect", "x": 0.3, "y": 0.0, "w": 0.4, "h": 0.03, "defaultServices": ["speaker-repair", "cleaning"] },
        { "id": "buttons", "label": "Tasten", "type": "rect", "x": 0.95, "y": 0.2, "w": 0.05, "h": 0.25, "defaultServices": ["button-repair", "diagnostics"] }
      ]
    },
    {
      "id": "iphone-16-pro",
      "category": "smartphones",
      "brand": "Apple",
      "model": "iPhone 16 Pro",
      "year": 2024,
      "image": "iphone-16-pro.svg",
      "aspect": "phone",
      "priceFactor": 1.2,
      "hotspots": [
        { "id": "screen", "label": "Display", "type": "rect", "x": 0.05, "y": 0.02, "w": 0.9, "h": 0.96, "defaultServices": ["screen-repair", "diagnostics"] },
        { "id": "battery", "label": "Akku", "type": "rect", "x": 0.15, "y": 0.35, "w": 0.7, "h": 0.3, "defaultServices": ["battery-replacement", "diagnostics"] },
        { "id": "camera", "label": "Kamera", "type": "rect", "x": 0.05, "y": 0.02, "w": 0.4, "h": 0.2, "defaultServices": ["camera-repair", "diagnostics"] },
        { "id": "port", "label": "Ladeanschluss", "type": "rect", "x": 0.35, "y": 0.95, "w": 0.3, "h": 0.05, "defaultServices": ["port-repair", "cleaning", "diagnostics"] }
      ]
    },
    {
      "id": "iphone-16",
      "category": "smartphones",
      "brand": "Apple",
      "model": "iPhone 16",
      "year": 2024,
      "image": "iphone-16.svg",
      "aspect": "phone",
      "priceFactor": 1.1,
      "hotspots": [
        { "id": "screen", "label": "Display", "type": "rect", "x": 0.05, "y": 0.02, "w": 0.9, "h": 0.96, "defaultServices": ["screen-repair", "diagnostics"] },
        { "id": "battery", "label": "Akku", "type": "rect", "x": 0.15, "y": 0.35, "w": 0.7, "h": 0.3, "defaultServices": ["battery-replacement", "diagnostics"] },
        { "id": "camera", "label": "Kamera", "type": "rect", "x": 0.1, "y": 0.02, "w": 0.35, "h": 0.18, "defaultServices": ["camera-repair", "diagnostics"] },
        { "id": "port", "label": "Ladeanschluss", "type": "rect", "x": 0.35, "y": 0.95, "w": 0.3, "h": 0.05, "defaultServices": ["port-repair", "cleaning", "diagnostics"] }
      ]
    },
    {
      "id": "iphone-15-pro-max",
      "category": "smartphones",
      "brand": "Apple",
      "model": "iPhone 15 Pro Max",
      "year": 2023,
      "image": "iphone-15-pro-max.svg",
      "aspect": "phone",
      "priceFactor": 1.2,
      "hotspots": [
        { "id": "screen", "label": "Display", "type": "rect", "x": 0.05, "y": 0.02, "w": 0.9, "h": 0.96, "defaultServices": ["screen-repair", "diagnostics"] },
        { "id": "battery", "label": "Akku", "type": "rect", "x": 0.15, "y": 0.35, "w": 0.7, "h": 0.3, "defaultServices": ["battery-replacement", "diagnostics"] },
        { "id": "camera", "label": "Kamera", "type": "rect", "x": 0.05, "y": 0.02, "w": 0.4, "h": 0.2, "defaultServices": ["camera-repair", "diagnostics"] },
        { "id": "port", "label": "Ladeanschluss", "type": "rect", "x": 0.35, "y": 0.95, "w": 0.3, "h": 0.05, "defaultServices": ["port-repair", "cleaning", "diagnostics"] }
      ]
    },
    {
      "id": "iphone-15-pro",
      "category": "smartphones",
      "brand": "Apple",
      "model": "iPhone 15 Pro",
      "year": 2023,
      "image": "iphone-15-pro.svg",
      "aspect": "phone",
      "priceFactor": 1.15,
      "hotspots": [
        { "id": "screen", "label": "Display", "type": "rect", "x": 0.05, "y": 0.02, "w": 0.9, "h": 0.96, "defaultServices": ["screen-repair", "diagnostics"] },
        { "id": "battery", "label": "Akku", "type": "rect", "x": 0.15, "y": 0.35, "w": 0.7, "h": 0.3, "defaultServices": ["battery-replacement", "diagnostics"] },
        { "id": "camera", "label": "Kamera", "type": "rect", "x": 0.05, "y": 0.02, "w": 0.4, "h": 0.2, "defaultServices": ["camera-repair", "diagnostics"] },
        { "id": "port", "label": "Ladeanschluss", "type": "rect", "x": 0.35, "y": 0.95, "w": 0.3, "h": 0.05, "defaultServices": ["port-repair", "cleaning", "diagnostics"] }
      ]
    },
    {
      "id": "iphone-15",
      "category": "smartphones",
      "brand": "Apple",
      "model": "iPhone 15",
      "year": 2023,
      "image": "iphone-15.svg",
      "aspect": "phone",
      "priceFactor": 1.05,
      "hotspots": [
        { "id": "screen", "label": "Display", "type": "rect", "x": 0.05, "y": 0.02, "w": 0.9, "h": 0.96, "defaultServices": ["screen-repair", "diagnostics"] },
        { "id": "battery", "label": "Akku", "type": "rect", "x": 0.15, "y": 0.35, "w": 0.7, "h": 0.3, "defaultServices": ["battery-replacement", "diagnostics"] },
        { "id": "port", "label": "Ladeanschluss", "type": "rect", "x": 0.35, "y": 0.95, "w": 0.3, "h": 0.05, "defaultServices": ["port-repair", "cleaning", "diagnostics"] }
      ]
    },
    {
      "id": "iphone-14-pro",
      "category": "smartphones",
      "brand": "Apple",
      "model": "iPhone 14 Pro",
      "year": 2022,
      "image": "iphone-14-pro.svg",
      "aspect": "phone",
      "priceFactor": 1.1,
      "hotspots": [
        { "id": "screen", "label": "Display", "type": "rect", "x": 0.05, "y": 0.02, "w": 0.9, "h": 0.96, "defaultServices": ["screen-repair", "diagnostics"] },
        { "id": "battery", "label": "Akku", "type": "rect", "x": 0.15, "y": 0.35, "w": 0.7, "h": 0.3, "defaultServices": ["battery-replacement", "diagnostics"] },
        { "id": "port", "label": "Ladeanschluss", "type": "rect", "x": 0.35, "y": 0.95, "w": 0.3, "h": 0.05, "defaultServices": ["port-repair", "cleaning", "diagnostics"] }
      ]
    },
    {
      "id": "iphone-13",
      "category": "smartphones",
      "brand": "Apple",
      "model": "iPhone 13",
      "year": 2021,
      "image": "iphone-13.svg",
      "aspect": "phone",
      "priceFactor": 1.0,
      "hotspots": [
        { "id": "screen", "label": "Display", "type": "rect", "x": 0.05, "y": 0.02, "w": 0.9, "h": 0.96, "defaultServices": ["screen-repair", "diagnostics"] },
        { "id": "battery", "label": "Akku", "type": "rect", "x": 0.15, "y": 0.35, "w": 0.7, "h": 0.3, "defaultServices": ["battery-replacement", "diagnostics"] },
        { "id": "port", "label": "Ladeanschluss", "type": "rect", "x": 0.35, "y": 0.95, "w": 0.3, "h": 0.05, "defaultServices": ["port-repair", "cleaning", "diagnostics"] }
      ]
    },
    {
      "id": "iphone-12",
      "category": "smartphones",
      "brand": "Apple",
      "model": "iPhone 12",
      "year": 2020,
      "image": "iphone-12.svg",
      "aspect": "phone",
      "priceFactor": 0.95,
      "hotspots": [
        { "id": "screen", "label": "Display", "type": "rect", "x": 0.05, "y": 0.02, "w": 0.9, "h": 0.96, "defaultServices": ["screen-repair", "diagnostics"] },
        { "id": "battery", "label": "Akku", "type": "rect", "x": 0.15, "y": 0.35, "w": 0.7, "h": 0.3, "defaultServices": ["battery-replacement", "diagnostics"] },
        { "id": "port", "label": "Ladeanschluss", "type": "rect", "x": 0.35, "y": 0.95, "w": 0.3, "h": 0.05, "defaultServices": ["port-repair", "cleaning", "diagnostics"] }
      ]
    },
    {
      "id": "samsung-s24-ultra",
      "category": "smartphones",
      "brand": "Samsung",
      "model": "Galaxy S24 Ultra",
      "year": 2024,
      "image": "samsung-s24-ultra.svg",
      "aspect": "phone",
      "priceFactor": 1.2,
      "hotspots": [
        { "id": "screen", "label": "Display", "type": "rect", "x": 0.03, "y": 0.02, "w": 0.94, "h": 0.96, "defaultServices": ["screen-repair", "diagnostics"] },
        { "id": "battery", "label": "Akku", "type": "rect", "x": 0.1, "y": 0.35, "w": 0.8, "h": 0.3, "defaultServices": ["battery-replacement", "diagnostics"] },
        { "id": "camera", "label": "Kamera", "type": "rect", "x": 0.05, "y": 0.02, "w": 0.3, "h": 0.25, "defaultServices": ["camera-repair", "diagnostics"] },
        { "id": "port", "label": "Ladeanschluss", "type": "rect", "x": 0.35, "y": 0.95, "w": 0.3, "h": 0.05, "defaultServices": ["port-repair", "cleaning", "diagnostics"] },
        { "id": "spen", "label": "S Pen", "type": "rect", "x": 0.7, "y": 0.9, "w": 0.25, "h": 0.08, "defaultServices": ["spen-repair", "diagnostics"] }
      ]
    },
    {
      "id": "samsung-s24-plus",
      "category": "smartphones",
      "brand": "Samsung",
      "model": "Galaxy S24+",
      "year": 2024,
      "image": "samsung-s24-plus.svg",
      "aspect": "phone",
      "priceFactor": 1.1,
      "hotspots": [
        { "id": "screen", "label": "Display", "type": "rect", "x": 0.03, "y": 0.02, "w": 0.94, "h": 0.96, "defaultServices": ["screen-repair", "diagnostics"] },
        { "id": "battery", "label": "Akku", "type": "rect", "x": 0.1, "y": 0.35, "w": 0.8, "h": 0.3, "defaultServices": ["battery-replacement", "diagnostics"] },
        { "id": "camera", "label": "Kamera", "type": "rect", "x": 0.05, "y": 0.02, "w": 0.3, "h": 0.22, "defaultServices": ["camera-repair", "diagnostics"] },
        { "id": "port", "label": "Ladeanschluss", "type": "rect", "x": 0.35, "y": 0.95, "w": 0.3, "h": 0.05, "defaultServices": ["port-repair", "cleaning", "diagnostics"] }
      ]
    },
    {
      "id": "samsung-s24",
      "category": "smartphones",
      "brand": "Samsung",
      "model": "Galaxy S24",
      "year": 2024,
      "image": "samsung-s24.svg",
      "aspect": "phone",
      "priceFactor": 1.0,
      "hotspots": [
        { "id": "screen", "label": "Display", "type": "rect", "x": 0.03, "y": 0.02, "w": 0.94, "h": 0.96, "defaultServices": ["screen-repair", "diagnostics"] },
        { "id": "battery", "label": "Akku", "type": "rect", "x": 0.1, "y": 0.35, "w": 0.8, "h": 0.3, "defaultServices": ["battery-replacement", "diagnostics"] },
        { "id": "port", "label": "Ladeanschluss", "type": "rect", "x": 0.35, "y": 0.95, "w": 0.3, "h": 0.05, "defaultServices": ["port-repair", "cleaning", "diagnostics"] }
      ]
    },
    {
      "id": "samsung-s23-ultra",
      "category": "smartphones",
      "brand": "Samsung",
      "model": "Galaxy S23 Ultra",
      "year": 2023,
      "image": "samsung-s23-ultra.svg",
      "aspect": "phone",
      "priceFactor": 1.15,
      "hotspots": [
        { "id": "screen", "label": "Display", "type": "rect", "x": 0.03, "y": 0.02, "w": 0.94, "h": 0.96, "defaultServices": ["screen-repair", "diagnostics"] },
        { "id": "battery", "label": "Akku", "type": "rect", "x": 0.1, "y": 0.35, "w": 0.8, "h": 0.3, "defaultServices": ["battery-replacement", "diagnostics"] },
        { "id": "camera", "label": "Kamera", "type": "rect", "x": 0.05, "y": 0.02, "w": 0.3, "h": 0.25, "defaultServices": ["camera-repair", "diagnostics"] },
        { "id": "port", "label": "Ladeanschluss", "type": "rect", "x": 0.35, "y": 0.95, "w": 0.3, "h": 0.05, "defaultServices": ["port-repair", "cleaning", "diagnostics"] }
      ]
    },
    {
      "id": "samsung-s22",
      "category": "smartphones",
      "brand": "Samsung",
      "model": "Galaxy S22",
      "year": 2022,
      "image": "samsung-s22.svg",
      "aspect": "phone",
      "priceFactor": 0.9,
      "hotspots": [
        { "id": "screen", "label": "Display", "type": "rect", "x": 0.03, "y": 0.02, "w": 0.94, "h": 0.96, "defaultServices": ["screen-repair", "diagnostics"] },
        { "id": "battery", "label": "Akku", "type": "rect", "x": 0.1, "y": 0.35, "w": 0.8, "h": 0.3, "defaultServices": ["battery-replacement", "diagnostics"] },
        { "id": "port", "label": "Ladeanschluss", "type": "rect", "x": 0.35, "y": 0.95, "w": 0.3, "h": 0.05, "defaultServices": ["port-repair", "cleaning", "diagnostics"] }
      ]
    },
    {
      "id": "samsung-s21",
      "category": "smartphones",
      "brand": "Samsung",
      "model": "Galaxy S21",
      "year": 2021,
      "image": "samsung-s21.svg",
      "aspect": "phone",
      "priceFactor": 0.85,
      "hotspots": [
        { "id": "screen", "label": "Display", "type": "rect", "x": 0.03, "y": 0.02, "w": 0.94, "h": 0.96, "defaultServices": ["screen-repair", "diagnostics"] },
        { "id": "battery", "label": "Akku", "type": "rect", "x": 0.1, "y": 0.35, "w": 0.8, "h": 0.3, "defaultServices": ["battery-replacement", "diagnostics"] },
        { "id": "port", "label": "Ladeanschluss", "type": "rect", "x": 0.35, "y": 0.95, "w": 0.3, "h": 0.05, "defaultServices": ["port-repair", "cleaning", "diagnostics"] }
      ]
    },
    {
      "id": "google-pixel-9-pro",
      "category": "smartphones",
      "brand": "Google",
      "model": "Pixel 9 Pro",
      "year": 2024,
      "image": "google-pixel-9-pro.svg",
      "aspect": "phone",
      "priceFactor": 1.1,
      "hotspots": [
        { "id": "screen", "label": "Display", "type": "rect", "x": 0.05, "y": 0.02, "w": 0.9, "h": 0.96, "defaultServices": ["screen-repair", "diagnostics"] },
        { "id": "battery", "label": "Akku", "type": "rect", "x": 0.15, "y": 0.35, "w": 0.7, "h": 0.3, "defaultServices": ["battery-replacement", "diagnostics"] },
        { "id": "camera", "label": "Kamera", "type": "rect", "x": 0.1, "y": 0.02, "w": 0.8, "h": 0.12, "defaultServices": ["camera-repair", "diagnostics"] },
        { "id": "port", "label": "Ladeanschluss", "type": "rect", "x": 0.35, "y": 0.95, "w": 0.3, "h": 0.05, "defaultServices": ["port-repair", "cleaning", "diagnostics"] }
      ]
    },
    {
      "id": "google-pixel-9",
      "category": "smartphones",
      "brand": "Google",
      "model": "Pixel 9",
      "year": 2024,
      "image": "google-pixel-9.svg",
      "aspect": "phone",
      "priceFactor": 1.0,
      "hotspots": [
        { "id": "screen", "label": "Display", "type": "rect", "x": 0.05, "y": 0.02, "w": 0.9, "h": 0.96, "defaultServices": ["screen-repair", "diagnostics"] },
        { "id": "battery", "label": "Akku", "type": "rect", "x": 0.15, "y": 0.35, "w": 0.7, "h": 0.3, "defaultServices": ["battery-replacement", "diagnostics"] },
        { "id": "port", "label": "Ladeanschluss", "type": "rect", "x": 0.35, "y": 0.95, "w": 0.3, "h": 0.05, "defaultServices": ["port-repair", "cleaning", "diagnostics"] }
      ]
    },
    {
      "id": "google-pixel-8",
      "category": "smartphones",
      "brand": "Google",
      "model": "Pixel 8",
      "year": 2023,
      "image": "google-pixel-8.svg",
      "aspect": "phone",
      "priceFactor": 0.95,
      "hotspots": [
        { "id": "screen", "label": "Display", "type": "rect", "x": 0.05, "y": 0.02, "w": 0.9, "h": 0.96, "defaultServices": ["screen-repair", "diagnostics"] },
        { "id": "battery", "label": "Akku", "type": "rect", "x": 0.15, "y": 0.35, "w": 0.7, "h": 0.3, "defaultServices": ["battery-replacement", "diagnostics"] },
        { "id": "port", "label": "Ladeanschluss", "type": "rect", "x": 0.35, "y": 0.95, "w": 0.3, "h": 0.05, "defaultServices": ["port-repair", "cleaning", "diagnostics"] }
      ]
    },
    {
      "id": "oneplus-12",
      "category": "smartphones",
      "brand": "OnePlus",
      "model": "OnePlus 12",
      "year": 2024,
      "image": "oneplus-12.svg",
      "aspect": "phone",
      "priceFactor": 1.0,
      "hotspots": [
        { "id": "screen", "label": "Display", "type": "rect", "x": 0.03, "y": 0.02, "w": 0.94, "h": 0.96, "defaultServices": ["screen-repair", "diagnostics"] },
        { "id": "battery", "label": "Akku", "type": "rect", "x": 0.1, "y": 0.35, "w": 0.8, "h": 0.3, "defaultServices": ["battery-replacement", "diagnostics"] },
        { "id": "port", "label": "Ladeanschluss", "type": "rect", "x": 0.35, "y": 0.95, "w": 0.3, "h": 0.05, "defaultServices": ["port-repair", "cleaning", "diagnostics"] }
      ]
    },
    {
      "id": "oneplus-11",
      "category": "smartphones",
      "brand": "OnePlus",
      "model": "OnePlus 11",
      "year": 2023,
      "image": "oneplus-11.svg",
      "aspect": "phone",
      "priceFactor": 0.9,
      "hotspots": [
        { "id": "screen", "label": "Display", "type": "rect", "x": 0.03, "y": 0.02, "w": 0.94, "h": 0.96, "defaultServices": ["screen-repair", "diagnostics"] },
        { "id": "battery", "label": "Akku", "type": "rect", "x": 0.1, "y": 0.35, "w": 0.8, "h": 0.3, "defaultServices": ["battery-replacement", "diagnostics"] },
        { "id": "port", "label": "Ladeanschluss", "type": "rect", "x": 0.35, "y": 0.95, "w": 0.3, "h": 0.05, "defaultServices": ["port-repair", "cleaning", "diagnostics"] }
      ]
    },
    {
      "id": "xiaomi-14-ultra",
      "category": "smartphones",
      "brand": "Xiaomi",
      "model": "Xiaomi 14 Ultra",
      "year": 2024,
      "image": "xiaomi-14-ultra.svg",
      "aspect": "phone",
      "priceFactor": 1.1,
      "hotspots": [
        { "id": "screen", "label": "Display", "type": "rect", "x": 0.03, "y": 0.02, "w": 0.94, "h": 0.96, "defaultServices": ["screen-repair", "diagnostics"] },
        { "id": "battery", "label": "Akku", "type": "rect", "x": 0.1, "y": 0.35, "w": 0.8, "h": 0.3, "defaultServices": ["battery-replacement", "diagnostics"] },
        { "id": "camera", "label": "Kamera", "type": "rect", "x": 0.25, "y": 0.02, "w": 0.5, "h": 0.2, "defaultServices": ["camera-repair", "diagnostics"] },
        { "id": "port", "label": "Ladeanschluss", "type": "rect", "x": 0.35, "y": 0.95, "w": 0.3, "h": 0.05, "defaultServices": ["port-repair", "cleaning", "diagnostics"] }
      ]
    },
    {
      "id": "xiaomi-14",
      "category": "smartphones",
      "brand": "Xiaomi",
      "model": "Xiaomi 14",
      "year": 2024,
      "image": "xiaomi-14.svg",
      "aspect": "phone",
      "priceFactor": 0.95,
      "hotspots": [
        { "id": "screen", "label": "Display", "type": "rect", "x": 0.03, "y": 0.02, "w": 0.94, "h": 0.96, "defaultServices": ["screen-repair", "diagnostics"] },
        { "id": "battery", "label": "Akku", "type": "rect", "x": 0.1, "y": 0.35, "w": 0.8, "h": 0.3, "defaultServices": ["battery-replacement", "diagnostics"] },
        { "id": "port", "label": "Ladeanschluss", "type": "rect", "x": 0.35, "y": 0.95, "w": 0.3, "h": 0.05, "defaultServices": ["port-repair", "cleaning", "diagnostics"] }
      ]
    },
    {
      "id": "huawei-p60-pro",
      "category": "smartphones",
      "brand": "Huawei",
      "model": "P60 Pro",
      "year": 2023,
      "image": "huawei-p60-pro.svg",
      "aspect": "phone",
      "priceFactor": 1.0,
      "hotspots": [
        { "id": "screen", "label": "Display", "type": "rect", "x": 0.03, "y": 0.02, "w": 0.94, "h": 0.96, "defaultServices": ["screen-repair", "diagnostics"] },
        { "id": "battery", "label": "Akku", "type": "rect", "x": 0.1, "y": 0.35, "w": 0.8, "h": 0.3, "defaultServices": ["battery-replacement", "diagnostics"] },
        { "id": "port", "label": "Ladeanschluss", "type": "rect", "x": 0.35, "y": 0.95, "w": 0.3, "h": 0.05, "defaultServices": ["port-repair", "cleaning", "diagnostics"] }
      ]
    },
    {
      "id": "huawei-mate-60-pro",
      "category": "smartphones",
      "brand": "Huawei",
      "model": "Mate 60 Pro",
      "year": 2023,
      "image": "huawei-mate-60-pro.svg",
      "aspect": "phone",
      "priceFactor": 1.1,
      "hotspots": [
        { "id": "screen", "label": "Display", "type": "rect", "x": 0.03, "y": 0.02, "w": 0.94, "h": 0.96, "defaultServices": ["screen-repair", "diagnostics"] },
        { "id": "battery", "label": "Akku", "type": "rect", "x": 0.1, "y": 0.35, "w": 0.8, "h": 0.3, "defaultServices": ["battery-replacement", "diagnostics"] },
        { "id": "port", "label": "Ladeanschluss", "type": "rect", "x": 0.35, "y": 0.95, "w": 0.3, "h": 0.05, "defaultServices": ["port-repair", "cleaning", "diagnostics"] }
      ]
    },
    {
      "id": "ipad-pro-13",
      "category": "tablets",
      "brand": "Apple",
      "model": "iPad Pro 13\"",
      "year": 2024,
      "image": "ipad-pro-13.svg",
      "aspect": "tablet",
      "priceFactor": 1.3,
      "hotspots": [
        { "id": "screen", "label": "Display", "type": "rect", "x": 0.02, "y": 0.02, "w": 0.96, "h": 0.96, "defaultServices": ["screen-repair", "diagnostics"] },
        { "id": "battery", "label": "Akku", "type": "rect", "x": 0.1, "y": 0.2, "w": 0.8, "h": 0.6, "defaultServices": ["battery-replacement", "diagnostics"] },
        { "id": "port", "label": "USB-C", "type": "rect", "x": 0.45, "y": 0.96, "w": 0.1, "h": 0.04, "defaultServices": ["port-repair", "cleaning", "diagnostics"] },
        { "id": "camera", "label": "Kamera", "type": "rect", "x": 0.02, "y": 0.02, "w": 0.15, "h": 0.1, "defaultServices": ["camera-repair", "diagnostics"] }
      ]
    },
    {
      "id": "ipad-pro-11",
      "category": "tablets",
      "brand": "Apple",
      "model": "iPad Pro 11\"",
      "year": 2024,
      "image": "ipad-pro-11.svg",
      "aspect": "tablet",
      "priceFactor": 1.2,
      "hotspots": [
        { "id": "screen", "label": "Display", "type": "rect", "x": 0.02, "y": 0.02, "w": 0.96, "h": 0.96, "defaultServices": ["screen-repair", "diagnostics"] },
        { "id": "battery", "label": "Akku", "type": "rect", "x": 0.1, "y": 0.2, "w": 0.8, "h": 0.6, "defaultServices": ["battery-replacement", "diagnostics"] },
        { "id": "port", "label": "USB-C", "type": "rect", "x": 0.45, "y": 0.96, "w": 0.1, "h": 0.04, "defaultServices": ["port-repair", "cleaning", "diagnostics"] }
      ]
    },
    {
      "id": "ipad-air-m2",
      "category": "tablets",
      "brand": "Apple",
      "model": "iPad Air M2",
      "year": 2024,
      "image": "ipad-air.svg",
      "aspect": "tablet",
      "priceFactor": 1.1,
      "hotspots": [
        { "id": "screen", "label": "Display", "type": "rect", "x": 0.02, "y": 0.02, "w": 0.96, "h": 0.96, "defaultServices": ["screen-repair", "diagnostics"] },
        { "id": "battery", "label": "Akku", "type": "rect", "x": 0.1, "y": 0.2, "w": 0.8, "h": 0.6, "defaultServices": ["battery-replacement", "diagnostics"] },
        { "id": "port", "label": "USB-C", "type": "rect", "x": 0.45, "y": 0.96, "w": 0.1, "h": 0.04, "defaultServices": ["port-repair", "cleaning", "diagnostics"] }
      ]
    },
    {
      "id": "ipad-10",
      "category": "tablets",
      "brand": "Apple",
      "model": "iPad (10. Gen)",
      "year": 2022,
      "image": "ipad-10.svg",
      "aspect": "tablet",
      "priceFactor": 0.9,
      "hotspots": [
        { "id": "screen", "label": "Display", "type": "rect", "x": 0.02, "y": 0.02, "w": 0.96, "h": 0.96, "defaultServices": ["screen-repair", "diagnostics"] },
        { "id": "battery", "label": "Akku", "type": "rect", "x": 0.1, "y": 0.2, "w": 0.8, "h": 0.6, "defaultServices": ["battery-replacement", "diagnostics"] },
        { "id": "port", "label": "USB-C", "type": "rect", "x": 0.45, "y": 0.96, "w": 0.1, "h": 0.04, "defaultServices": ["port-repair", "cleaning", "diagnostics"] }
      ]
    },
    {
      "id": "samsung-tab-s9-ultra",
      "category": "tablets",
      "brand": "Samsung",
      "model": "Galaxy Tab S9 Ultra",
      "year": 2023,
      "image": "samsung-tab-s9-ultra.svg",
      "aspect": "tablet",
      "priceFactor": 1.25,
      "hotspots": [
        { "id": "screen", "label": "Display", "type": "rect", "x": 0.02, "y": 0.02, "w": 0.96, "h": 0.96, "defaultServices": ["screen-repair", "diagnostics"] },
        { "id": "battery", "label": "Akku", "type": "rect", "x": 0.1, "y": 0.2, "w": 0.8, "h": 0.6, "defaultServices": ["battery-replacement", "diagnostics"] },
        { "id": "port", "label": "USB-C", "type": "rect", "x": 0.45, "y": 0.96, "w": 0.1, "h": 0.04, "defaultServices": ["port-repair", "cleaning", "diagnostics"] }
      ]
    },
    {
      "id": "samsung-tab-s9",
      "category": "tablets",
      "brand": "Samsung",
      "model": "Galaxy Tab S9",
      "year": 2023,
      "image": "samsung-tab-s9.svg",
      "aspect": "tablet",
      "priceFactor": 1.0,
      "hotspots": [
        { "id": "screen", "label": "Display", "type": "rect", "x": 0.02, "y": 0.02, "w": 0.96, "h": 0.96, "defaultServices": ["screen-repair", "diagnostics"] },
        { "id": "battery", "label": "Akku", "type": "rect", "x": 0.1, "y": 0.2, "w": 0.8, "h": 0.6, "defaultServices": ["battery-replacement", "diagnostics"] },
        { "id": "port", "label": "USB-C", "type": "rect", "x": 0.45, "y": 0.96, "w": 0.1, "h": 0.04, "defaultServices": ["port-repair", "cleaning", "diagnostics"] }
      ]
    },
    {
      "id": "surface-pro-9",
      "category": "tablets",
      "brand": "Microsoft",
      "model": "Surface Pro 9",
      "year": 2022,
      "image": "surface-pro-9.svg",
      "aspect": "tablet",
      "priceFactor": 1.15,
      "hotspots": [
        { "id": "screen", "label": "Display", "type": "rect", "x": 0.02, "y": 0.02, "w": 0.96, "h": 0.96, "defaultServices": ["screen-repair", "diagnostics"] },
        { "id": "battery", "label": "Akku", "type": "rect", "x": 0.1, "y": 0.2, "w": 0.8, "h": 0.6, "defaultServices": ["battery-replacement", "diagnostics"] },
        { "id": "port", "label": "USB-C", "type": "rect", "x": 0.92, "y": 0.3, "w": 0.06, "h": 0.1, "defaultServices": ["port-repair", "cleaning", "diagnostics"] }
      ]
    },
    {
      "id": "ps5-standard",
      "category": "consoles",
      "brand": "Sony",
      "model": "PlayStation 5",
      "year": 2020,
      "image": "ps5.svg",
      "aspect": "console",
      "priceFactor": 1.2,
      "hotspots": [
        { "id": "disc-drive", "label": "Laufwerk", "type": "rect", "x": 0.1, "y": 0.4, "w": 0.3, "h": 0.2, "defaultServices": ["disc-drive-repair", "diagnostics"] },
        { "id": "cooling", "label": "Lüfter", "type": "rect", "x": 0.3, "y": 0.1, "w": 0.4, "h": 0.3, "defaultServices": ["cooling-repair", "cleaning"] },
        { "id": "hdmi", "label": "HDMI", "type": "rect", "x": 0.7, "y": 0.6, "w": 0.15, "h": 0.1, "defaultServices": ["hdmi-repair", "diagnostics"] },
        { "id": "power", "label": "Netzteil", "type": "rect", "x": 0.7, "y": 0.75, "w": 0.15, "h": 0.1, "defaultServices": ["power-repair", "diagnostics"] },
        { "id": "storage", "label": "SSD", "type": "rect", "x": 0.4, "y": 0.5, "w": 0.25, "h": 0.15, "defaultServices": ["storage-upgrade", "diagnostics"] }
      ]
    },
    {
      "id": "ps5-slim",
      "category": "consoles",
      "brand": "Sony",
      "model": "PlayStation 5 Slim",
      "year": 2023,
      "image": "ps5-slim.svg",
      "aspect": "console",
      "priceFactor": 1.15,
      "hotspots": [
        { "id": "disc-drive", "label": "Laufwerk", "type": "rect", "x": 0.1, "y": 0.4, "w": 0.3, "h": 0.2, "defaultServices": ["disc-drive-repair", "diagnostics"] },
        { "id": "cooling", "label": "Lüfter", "type": "rect", "x": 0.3, "y": 0.1, "w": 0.4, "h": 0.3, "defaultServices": ["cooling-repair", "cleaning"] },
        { "id": "hdmi", "label": "HDMI", "type": "rect", "x": 0.7, "y": 0.6, "w": 0.15, "h": 0.1, "defaultServices": ["hdmi-repair", "diagnostics"] },
        { "id": "power", "label": "Netzteil", "type": "rect", "x": 0.7, "y": 0.75, "w": 0.15, "h": 0.1, "defaultServices": ["power-repair", "diagnostics"] }
      ]
    },
    {
      "id": "ps5-digital",
      "category": "consoles",
      "brand": "Sony",
      "model": "PlayStation 5 Digital",
      "year": 2020,
      "image": "ps5-digital.svg",
      "aspect": "console",
      "priceFactor": 1.1,
      "hotspots": [
        { "id": "cooling", "label": "Lüfter", "type": "rect", "x": 0.3, "y": 0.1, "w": 0.4, "h": 0.3, "defaultServices": ["cooling-repair", "cleaning"] },
        { "id": "hdmi", "label": "HDMI", "type": "rect", "x": 0.7, "y": 0.6, "w": 0.15, "h": 0.1, "defaultServices": ["hdmi-repair", "diagnostics"] },
        { "id": "power", "label": "Netzteil", "type": "rect", "x": 0.7, "y": 0.75, "w": 0.15, "h": 0.1, "defaultServices": ["power-repair", "diagnostics"] },
        { "id": "storage", "label": "SSD", "type": "rect", "x": 0.4, "y": 0.5, "w": 0.25, "h": 0.15, "defaultServices": ["storage-upgrade", "diagnostics"] }
      ]
    },
    {
      "id": "xbox-series-x",
      "category": "consoles",
      "brand": "Microsoft",
      "model": "Xbox Series X",
      "year": 2020,
      "image": "xbox-series-x.svg",
      "aspect": "console",
      "priceFactor": 1.15,
      "hotspots": [
        { "id": "disc-drive", "label": "Laufwerk", "type": "rect", "x": 0.1, "y": 0.6, "w": 0.3, "h": 0.15, "defaultServices": ["disc-drive-repair", "diagnostics"] },
        { "id": "cooling", "label": "Lüfter", "type": "rect", "x": 0.2, "y": 0.1, "w": 0.6, "h": 0.3, "defaultServices": ["cooling-repair", "cleaning"] },
        { "id": "hdmi", "label": "HDMI", "type": "rect", "x": 0.7, "y": 0.7, "w": 0.15, "h": 0.08, "defaultServices": ["hdmi-repair", "diagnostics"] },
        { "id": "power", "label": "Netzteil", "type": "rect", "x": 0.7, "y": 0.82, "w": 0.15, "h": 0.08, "defaultServices": ["power-repair", "diagnostics"] }
      ]
    },
    {
      "id": "xbox-series-s",
      "category": "consoles",
      "brand": "Microsoft",
      "model": "Xbox Series S",
      "year": 2020,
      "image": "xbox-series-s.svg",
      "aspect": "console",
      "priceFactor": 0.9,
      "hotspots": [
        { "id": "cooling", "label": "Lüfter", "type": "rect", "x": 0.3, "y": 0.15, "w": 0.4, "h": 0.35, "defaultServices": ["cooling-repair", "cleaning"] },
        { "id": "hdmi", "label": "HDMI", "type": "rect", "x": 0.7, "y": 0.7, "w": 0.15, "h": 0.08, "defaultServices": ["hdmi-repair", "diagnostics"] },
        { "id": "power", "label": "Netzteil", "type": "rect", "x": 0.7, "y": 0.82, "w": 0.15, "h": 0.08, "defaultServices": ["power-repair", "diagnostics"] }
      ]
    },
    {
      "id": "switch-oled",
      "category": "consoles",
      "brand": "Nintendo",
      "model": "Switch OLED",
      "year": 2021,
      "image": "switch-oled.svg",
      "aspect": "console",
      "priceFactor": 1.0,
      "hotspots": [
        { "id": "screen", "label": "Display", "type": "rect", "x": 0.15, "y": 0.1, "w": 0.7, "h": 0.8, "defaultServices": ["screen-repair", "diagnostics"] },
        { "id": "battery", "label": "Akku", "type": "rect", "x": 0.25, "y": 0.3, "w": 0.5, "h": 0.4, "defaultServices": ["battery-replacement", "diagnostics"] },
        { "id": "joycon-rail-left", "label": "Joy-Con Schiene L", "type": "rect", "x": 0.0, "y": 0.1, "w": 0.15, "h": 0.8, "defaultServices": ["joycon-rail-repair", "diagnostics"] },
        { "id": "joycon-rail-right", "label": "Joy-Con Schiene R", "type": "rect", "x": 0.85, "y": 0.1, "w": 0.15, "h": 0.8, "defaultServices": ["joycon-rail-repair", "diagnostics"] },
        { "id": "port", "label": "USB-C", "type": "rect", "x": 0.42, "y": 0.92, "w": 0.16, "h": 0.08, "defaultServices": ["port-repair", "cleaning", "diagnostics"] }
      ]
    },
    {
      "id": "switch-standard",
      "category": "consoles",
      "brand": "Nintendo",
      "model": "Switch",
      "year": 2019,
      "image": "switch.svg",
      "aspect": "console",
      "priceFactor": 0.85,
      "hotspots": [
        { "id": "screen", "label": "Display", "type": "rect", "x": 0.15, "y": 0.1, "w": 0.7, "h": 0.8, "defaultServices": ["screen-repair", "diagnostics"] },
        { "id": "battery", "label": "Akku", "type": "rect", "x": 0.25, "y": 0.3, "w": 0.5, "h": 0.4, "defaultServices": ["battery-replacement", "diagnostics"] },
        { "id": "joycon-rail-left", "label": "Joy-Con Schiene L", "type": "rect", "x": 0.0, "y": 0.1, "w": 0.15, "h": 0.8, "defaultServices": ["joycon-rail-repair", "diagnostics"] },
        { "id": "joycon-rail-right", "label": "Joy-Con Schiene R", "type": "rect", "x": 0.85, "y": 0.1, "w": 0.15, "h": 0.8, "defaultServices": ["joycon-rail-repair", "diagnostics"] },
        { "id": "port", "label": "USB-C", "type": "rect", "x": 0.42, "y": 0.92, "w": 0.16, "h": 0.08, "defaultServices": ["port-repair", "cleaning", "diagnostics"] }
      ]
    },
    {
      "id": "switch-lite",
      "category": "consoles",
      "brand": "Nintendo",
      "model": "Switch Lite",
      "year": 2019,
      "image": "switch-lite.svg",
      "aspect": "console",
      "priceFactor": 0.7,
      "hotspots": [
        { "id": "screen", "label": "Display", "type": "rect", "x": 0.1, "y": 0.15, "w": 0.8, "h": 0.7, "defaultServices": ["screen-repair", "diagnostics"] },
        { "id": "battery", "label": "Akku", "type": "rect", "x": 0.2, "y": 0.3, "w": 0.6, "h": 0.4, "defaultServices": ["battery-replacement", "diagnostics"] },
        { "id": "analog-left", "label": "Analogstick L", "type": "rect", "x": 0.05, "y": 0.25, "w": 0.15, "h": 0.2, "defaultServices": ["analog-repair", "diagnostics"] },
        { "id": "analog-right", "label": "Analogstick R", "type": "rect", "x": 0.8, "y": 0.55, "w": 0.15, "h": 0.2, "defaultServices": ["analog-repair", "diagnostics"] },
        { "id": "port", "label": "USB-C", "type": "rect", "x": 0.42, "y": 0.9, "w": 0.16, "h": 0.1, "defaultServices": ["port-repair", "cleaning", "diagnostics"] }
      ]
    },
    {
      "id": "dualsense",
      "category": "controllers",
      "brand": "Sony",
      "model": "DualSense",
      "year": 2020,
      "image": "dualsense.svg",
      "aspect": "controller",
      "priceFactor": 0.8,
      "hotspots": [
        { "id": "analog-left", "label": "Analogstick L", "type": "rect", "x": 0.15, "y": 0.3, "w": 0.2, "h": 0.25, "defaultServices": ["analog-repair", "diagnostics"] },
        { "id": "analog-right", "label": "Analogstick R", "type": "rect", "x": 0.55, "y": 0.5, "w": 0.2, "h": 0.25, "defaultServices": ["analog-repair", "diagnostics"] },
        { "id": "triggers", "label": "Trigger", "type": "rect", "x": 0.1, "y": 0.0, "w": 0.8, "h": 0.15, "defaultServices": ["trigger-repair", "diagnostics"] },
        { "id": "buttons", "label": "Tasten", "type": "rect", "x": 0.65, "y": 0.25, "w": 0.25, "h": 0.3, "defaultServices": ["button-repair", "cleaning"] },
        { "id": "battery", "label": "Akku", "type": "rect", "x": 0.3, "y": 0.4, "w": 0.4, "h": 0.3, "defaultServices": ["battery-replacement", "diagnostics"] },
        { "id": "port", "label": "USB-C", "type": "rect", "x": 0.42, "y": 0.15, "w": 0.16, "h": 0.08, "defaultServices": ["port-repair", "cleaning"] }
      ]
    },
    {
      "id": "dualsense-edge",
      "category": "controllers",
      "brand": "Sony",
      "model": "DualSense Edge",
      "year": 2023,
      "image": "dualsense-edge.svg",
      "aspect": "controller",
      "priceFactor": 1.0,
      "hotspots": [
        { "id": "analog-left", "label": "Analogstick L", "type": "rect", "x": 0.15, "y": 0.3, "w": 0.2, "h": 0.25, "defaultServices": ["analog-repair", "diagnostics"] },
        { "id": "analog-right", "label": "Analogstick R", "type": "rect", "x": 0.55, "y": 0.5, "w": 0.2, "h": 0.25, "defaultServices": ["analog-repair", "diagnostics"] },
        { "id": "triggers", "label": "Trigger", "type": "rect", "x": 0.1, "y": 0.0, "w": 0.8, "h": 0.15, "defaultServices": ["trigger-repair", "diagnostics"] },
        { "id": "buttons", "label": "Tasten", "type": "rect", "x": 0.65, "y": 0.25, "w": 0.25, "h": 0.3, "defaultServices": ["button-repair", "cleaning"] },
        { "id": "paddles", "label": "Paddles", "type": "rect", "x": 0.2, "y": 0.75, "w": 0.6, "h": 0.15, "defaultServices": ["paddle-repair", "diagnostics"] }
      ]
    },
    {
      "id": "xbox-controller",
      "category": "controllers",
      "brand": "Microsoft",
      "model": "Xbox Wireless Controller",
      "year": 2020,
      "image": "xbox-controller.svg",
      "aspect": "controller",
      "priceFactor": 0.75,
      "hotspots": [
        { "id": "analog-left", "label": "Analogstick L", "type": "rect", "x": 0.2, "y": 0.2, "w": 0.2, "h": 0.25, "defaultServices": ["analog-repair", "diagnostics"] },
        { "id": "analog-right", "label": "Analogstick R", "type": "rect", "x": 0.5, "y": 0.45, "w": 0.2, "h": 0.25, "defaultServices": ["analog-repair", "diagnostics"] },
        { "id": "triggers", "label": "Trigger", "type": "rect", "x": 0.1, "y": 0.0, "w": 0.8, "h": 0.12, "defaultServices": ["trigger-repair", "diagnostics"] },
        { "id": "buttons", "label": "Tasten", "type": "rect", "x": 0.6, "y": 0.15, "w": 0.3, "h": 0.35, "defaultServices": ["button-repair", "cleaning"] },
        { "id": "port", "label": "USB-C", "type": "rect", "x": 0.42, "y": 0.0, "w": 0.16, "h": 0.08, "defaultServices": ["port-repair", "cleaning"] }
      ]
    },
    {
      "id": "xbox-elite-2",
      "category": "controllers",
      "brand": "Microsoft",
      "model": "Xbox Elite Series 2",
      "year": 2019,
      "image": "xbox-elite-2.svg",
      "aspect": "controller",
      "priceFactor": 1.1,
      "hotspots": [
        { "id": "analog-left", "label": "Analogstick L", "type": "rect", "x": 0.2, "y": 0.2, "w": 0.2, "h": 0.25, "defaultServices": ["analog-repair", "diagnostics"] },
        { "id": "analog-right", "label": "Analogstick R", "type": "rect", "x": 0.5, "y": 0.45, "w": 0.2, "h": 0.25, "defaultServices": ["analog-repair", "diagnostics"] },
        { "id": "triggers", "label": "Trigger", "type": "rect", "x": 0.1, "y": 0.0, "w": 0.8, "h": 0.12, "defaultServices": ["trigger-repair", "diagnostics"] },
        { "id": "buttons", "label": "Tasten", "type": "rect", "x": 0.6, "y": 0.15, "w": 0.3, "h": 0.35, "defaultServices": ["button-repair", "cleaning"] },
        { "id": "paddles", "label": "Paddles", "type": "rect", "x": 0.15, "y": 0.7, "w": 0.7, "h": 0.2, "defaultServices": ["paddle-repair", "diagnostics"] },
        { "id": "battery", "label": "Akku", "type": "rect", "x": 0.3, "y": 0.4, "w": 0.4, "h": 0.25, "defaultServices": ["battery-replacement", "diagnostics"] }
      ]
    },
    {
      "id": "switch-pro-controller",
      "category": "controllers",
      "brand": "Nintendo",
      "model": "Switch Pro Controller",
      "year": 2017,
      "image": "switch-pro.svg",
      "aspect": "controller",
      "priceFactor": 0.7,
      "hotspots": [
        { "id": "analog-left", "label": "Analogstick L", "type": "rect", "x": 0.15, "y": 0.2, "w": 0.22, "h": 0.28, "defaultServices": ["analog-repair", "diagnostics"] },
        { "id": "analog-right", "label": "Analogstick R", "type": "rect", "x": 0.45, "y": 0.45, "w": 0.22, "h": 0.28, "defaultServices": ["analog-repair", "diagnostics"] },
        { "id": "triggers", "label": "Schultertasten", "type": "rect", "x": 0.1, "y": 0.0, "w": 0.8, "h": 0.12, "defaultServices": ["trigger-repair", "diagnostics"] },
        { "id": "buttons", "label": "Tasten", "type": "rect", "x": 0.6, "y": 0.15, "w": 0.28, "h": 0.35, "defaultServices": ["button-repair", "cleaning"] },
        { "id": "battery", "label": "Akku", "type": "rect", "x": 0.25, "y": 0.35, "w": 0.5, "h": 0.3, "defaultServices": ["battery-replacement", "diagnostics"] },
        { "id": "port", "label": "USB-C", "type": "rect", "x": 0.4, "y": 0.0, "w": 0.2, "h": 0.08, "defaultServices": ["port-repair", "cleaning"] }
      ]
    },
    {
      "id": "joycon-pair",
      "category": "controllers",
      "brand": "Nintendo",
      "model": "Joy-Con (Paar)",
      "year": 2017,
      "image": "joycon-pair.svg",
      "aspect": "controller",
      "priceFactor": 0.65,
      "hotspots": [
        { "id": "analog-left", "label": "Analogstick L", "type": "rect", "x": 0.1, "y": 0.15, "w": 0.15, "h": 0.2, "defaultServices": ["analog-repair", "diagnostics"] },
        { "id": "analog-right", "label": "Analogstick R", "type": "rect", "x": 0.6, "y": 0.4, "w": 0.15, "h": 0.2, "defaultServices": ["analog-repair", "diagnostics"] },
        { "id": "buttons-left", "label": "Tasten L", "type": "rect", "x": 0.1, "y": 0.4, "w": 0.15, "h": 0.3, "defaultServices": ["button-repair", "cleaning"] },
        { "id": "buttons-right", "label": "Tasten R", "type": "rect", "x": 0.6, "y": 0.15, "w": 0.15, "h": 0.25, "defaultServices": ["button-repair", "cleaning"] },
        { "id": "rail-left", "label": "Schiene L", "type": "rect", "x": 0.25, "y": 0.1, "w": 0.05, "h": 0.8, "defaultServices": ["joycon-rail-repair", "diagnostics"] },
        { "id": "rail-right", "label": "Schiene R", "type": "rect", "x": 0.55, "y": 0.1, "w": 0.05, "h": 0.8, "defaultServices": ["joycon-rail-repair", "diagnostics"] }
      ]
    }
  ]
}
