{
  "services": [
    {
      "id": "screen-repair",
      "name": "Displayreparatur",
      "shortName": "Display",
      "description": "Professionelle Reparatur oder Austausch von beschädigten Displays",
      "category": "repair",
      "basePriceCents": 8900,
      "supportedAreas": ["screen"],
      "supportedCategories": ["smartphones", "tablets", "consoles"],
      "estimatedMinutes": 120,
      "icon": "monitor"
    },
    {
      "id": "battery-replacement",
      "name": "Akku-Austausch",
      "shortName": "Akku",
      "description": "Austausch des Akkus für längere Laufzeit und bessere Performance",
      "category": "repair",
      "basePriceCents": 4500,
      "supportedAreas": ["battery"],
      "supportedCategories": ["smartphones", "tablets", "consoles", "controllers"],
      "estimatedMinutes": 60,
      "icon": "battery"
    },
    {
      "id": "camera-repair",
      "name": "Kamerareparatur",
      "shortName": "Kamera",
      "description": "Reparatur oder Austausch defekter Kameramodule",
      "category": "repair",
      "basePriceCents": 7900,
      "supportedAreas": ["camera"],
      "supportedCategories": ["smartphones", "tablets"],
      "estimatedMinutes": 90,
      "icon": "camera"
    },
    {
      "id": "port-repair",
      "name": "Ladeanschluss-Reparatur",
      "shortName": "Ladeanschluss",
      "description": "Reparatur oder Austausch des Ladeanschlusses (USB-C, Lightning)",
      "category": "repair",
      "basePriceCents": 5900,
      "supportedAreas": ["port"],
      "supportedCategories": ["smartphones", "tablets", "consoles", "controllers"],
      "estimatedMinutes": 75,
      "icon": "plug"
    },
    {
      "id": "speaker-repair",
      "name": "Lautsprecherreparatur",
      "shortName": "Lautsprecher",
      "description": "Reparatur oder Austausch defekter Lautsprecher",
      "category": "repair",
      "basePriceCents": 4900,
      "supportedAreas": ["speaker"],
      "supportedCategories": ["smartphones", "tablets"],
      "estimatedMinutes": 60,
      "icon": "volume-2"
    },
    {
      "id": "button-repair",
      "name": "Tasten-Reparatur",
      "shortName": "Tasten",
      "description": "Reparatur von defekten Tasten (Power, Volume, Home)",
      "category": "repair",
      "basePriceCents": 3900,
      "supportedAreas": ["buttons", "buttons-left", "buttons-right"],
      "supportedCategories": ["smartphones", "tablets", "controllers"],
      "estimatedMinutes": 45,
      "icon": "toggle-left"
    },
    {
      "id": "analog-repair",
      "name": "Analogstick-Reparatur",
      "shortName": "Analogstick",
      "description": "Reparatur oder Austausch von driftenden oder defekten Analogsticks",
      "category": "repair",
      "basePriceCents": 2900,
      "supportedAreas": ["analog-left", "analog-right"],
      "supportedCategories": ["consoles", "controllers"],
      "estimatedMinutes": 45,
      "icon": "joystick"
    },
    {
      "id": "trigger-repair",
      "name": "Trigger-Reparatur",
      "shortName": "Trigger",
      "description": "Reparatur von defekten Triggern und Schultertasten",
      "category": "repair",
      "basePriceCents": 3500,
      "supportedAreas": ["triggers"],
      "supportedCategories": ["controllers"],
      "estimatedMinutes": 40,
      "icon": "arrow-up-right"
    },
    {
      "id": "paddle-repair",
      "name": "Paddle-Reparatur",
      "shortName": "Paddles",
      "description": "Reparatur von defekten Paddles bei Pro-Controllern",
      "category": "repair",
      "basePriceCents": 4500,
      "supportedAreas": ["paddles"],
      "supportedCategories": ["controllers"],
      "estimatedMinutes": 50,
      "icon": "gamepad-2"
    },
    {
      "id": "disc-drive-repair",
      "name": "Laufwerk-Reparatur",
      "shortName": "Laufwerk",
      "description": "Reparatur oder Austausch des Disc-Laufwerks",
      "category": "repair",
      "basePriceCents": 9900,
      "supportedAreas": ["disc-drive"],
      "supportedCategories": ["consoles"],
      "estimatedMinutes": 120,
      "icon": "disc"
    },
    {
      "id": "cooling-repair",
      "name": "Kühlsystem-Reparatur",
      "shortName": "Kühlung",
      "description": "Reinigung oder Austausch von Lüftern und Wärmeleitpaste",
      "category": "repair",
      "basePriceCents": 5900,
      "supportedAreas": ["cooling"],
      "supportedCategories": ["consoles"],
      "estimatedMinutes": 90,
      "icon": "wind"
    },
    {
      "id": "hdmi-repair",
      "name": "HDMI-Port Reparatur",
      "shortName": "HDMI",
      "description": "Reparatur oder Austausch des HDMI-Anschlusses",
      "category": "repair",
      "basePriceCents": 7900,
      "supportedAreas": ["hdmi"],
      "supportedCategories": ["consoles"],
      "estimatedMinutes": 120,
      "icon": "monitor"
    },
    {
      "id": "power-repair",
      "name": "Netzteil-Reparatur",
      "shortName": "Netzteil",
      "description": "Reparatur von Stromversorgungsproblemen",
      "category": "repair",
      "basePriceCents": 6900,
      "supportedAreas": ["power"],
      "supportedCategories": ["consoles"],
      "estimatedMinutes": 90,
      "icon": "power"
    },
    {
      "id": "storage-upgrade",
      "name": "Speicher-Upgrade",
      "shortName": "Speicher",
      "description": "Erweiterung oder Austausch des internen Speichers",
      "category": "upgrade",
      "basePriceCents": 4900,
      "supportedAreas": ["storage"],
      "supportedCategories": ["consoles"],
      "estimatedMinutes": 60,
      "icon": "hard-drive"
    },
    {
      "id": "joycon-rail-repair",
      "name": "Joy-Con Schienen-Reparatur",
      "shortName": "Joy-Con Schiene",
      "description": "Reparatur der Joy-Con Verbindungsschienen",
      "category": "repair",
      "basePriceCents": 3900,
      "supportedAreas": ["joycon-rail-left", "joycon-rail-right", "rail-left", "rail-right"],
      "supportedCategories": ["consoles", "controllers"],
      "estimatedMinutes": 45,
      "icon": "link"
    },
    {
      "id": "spen-repair",
      "name": "S Pen Reparatur",
      "shortName": "S Pen",
      "description": "Reparatur oder Austausch des S Pen Gehäuses",
      "category": "repair",
      "basePriceCents": 4900,
      "supportedAreas": ["spen"],
      "supportedCategories": ["smartphones", "tablets"],
      "estimatedMinutes": 30,
      "icon": "pen-tool"
    },
    {
      "id": "cleaning",
      "name": "Professionelle Reinigung",
      "shortName": "Reinigung",
      "description": "Tiefenreinigung aller Anschlüsse und des Gehäuses",
      "category": "maintenance",
      "basePriceCents": 1900,
      "supportedAreas": ["port", "speaker", "buttons", "cooling"],
      "supportedCategories": ["smartphones", "tablets", "consoles", "controllers"],
      "estimatedMinutes": 30,
      "icon": "sparkles"
    },
    {
      "id": "diagnostics",
      "name": "Diagnose",
      "shortName": "Diagnose",
      "description": "Vollständige Hardware- und Software-Diagnose",
      "category": "diagnostic",
      "basePriceCents": 0,
      "supportedAreas": ["screen", "battery", "camera", "port", "speaker", "buttons", "analog-left", "analog-right", "triggers", "paddles", "disc-drive", "cooling", "hdmi", "power", "storage", "joycon-rail-left", "joycon-rail-right"],
      "supportedCategories": ["smartphones", "tablets", "consoles", "controllers"],
      "estimatedMinutes": 30,
      "icon": "search"
    },
    {
      "id": "data-recovery",
      "name": "Datenrettung",
      "shortName": "Datenrettung",
      "description": "Professionelle Wiederherstellung von Daten",
      "category": "data",
      "basePriceCents": 9900,
      "supportedAreas": [],
      "supportedCategories": ["smartphones", "tablets"],
      "estimatedMinutes": 1440,
      "icon": "database"
    },
    {
      "id": "software-repair",
      "name": "Software-Wiederherstellung",
      "shortName": "Software",
      "description": "Behebung von Softwareproblemen und Systemwiederherstellung",
      "category": "software",
      "basePriceCents": 3900,
      "supportedAreas": [],
      "supportedCategories": ["smartphones", "tablets", "consoles"],
      "estimatedMinutes": 120,
      "icon": "code"
    }
  ],
  "categories": [
    { "id": "repair", "name": "Reparatur", "icon": "wrench" },
    { "id": "maintenance", "name": "Wartung", "icon": "settings" },
    { "id": "diagnostic", "name": "Diagnose", "icon": "search" },
    { "id": "upgrade", "name": "Upgrade", "icon": "trending-up" },
    { "id": "data", "name": "Daten", "icon": "database" },
    { "id": "software", "name": "Software", "icon": "code" }
  ]
}
